{
  "id": "4199301",
  "name": "tt",
  "font_family": "iconfont",
  "css_prefix_text": "icon-",
  "description": "",
  "glyphs": [
    {
      "icon_id": "10268256",
      "name": "按钮_开启",
      "font_class": "anniu_kaiqi",
      "unicode": "e65a",
      "unicode_decimal": 58970
    },
    {
      "icon_id": "10268257",
      "name": "按钮_关闭",
      "font_class": "anniu_guanbi",
      "unicode": "e65b",
      "unicode_decimal": 58971
    },
    {
      "icon_id": "16517981",
      "name": "切换",
      "font_class": "qiehuan",
      "unicode": "e6c1",
      "unicode_decimal": 59073
    },
    {
      "icon_id": "16852620",
      "name": "开关按钮",
      "font_class": "switchButton",
      "unicode": "e634",
      "unicode_decimal": 58932
    },
    {
      "icon_id": "20734872",
      "name": "切换01",
      "font_class": "qiehuan01",
      "unicode": "e6ab",
      "unicode_decimal": 59051
    },
    {
      "icon_id": "20734878",
      "name": "切换02",
      "font_class": "qiehuan02",
      "unicode": "e6ac",
      "unicode_decimal": 59052
    },
    {
      "icon_id": "1304879",
      "name": "帮助",
      "font_class": "bangzhu",
      "unicode": "e621",
      "unicode_decimal": 58913
    },
    {
      "icon_id": "5387514",
      "name": "帮助",
      "font_class": "bangzhu1",
      "unicode": "eaef",
      "unicode_decimal": 60143
    },
    {
      "icon_id": "7017728",
      "name": "帮助",
      "font_class": "bangzhu2",
      "unicode": "e623",
      "unicode_decimal": 58915
    },
    {
      "icon_id": "765084",
      "name": "看过_S",
      "font_class": "kanguos",
      "unicode": "e71a",
      "unicode_decimal": 59162
    },
    {
      "icon_id": "1304875",
      "name": "减",
      "font_class": "jian",
      "unicode": "e620",
      "unicode_decimal": 58912
    },
    {
      "icon_id": "1447327",
      "name": "查看",
      "font_class": "chakan",
      "unicode": "e60f",
      "unicode_decimal": 58895
    },
    {
      "icon_id": "2076243",
      "name": " 增加",
      "font_class": "zengjia",
      "unicode": "e889",
      "unicode_decimal": 59529
    },
    {
      "icon_id": "4777232",
      "name": "全屏",
      "font_class": "quanping",
      "unicode": "ec13",
      "unicode_decimal": 60435
    },
    {
      "icon_id": "5387527",
      "name": "加号",
      "font_class": "jiahao",
      "unicode": "eaf3",
      "unicode_decimal": 60147
    },
    {
      "icon_id": "5387532",
      "name": "减号",
      "font_class": "jianhao",
      "unicode": "eaf5",
      "unicode_decimal": 60149
    },
    {
      "icon_id": "5387606",
      "name": "全屏",
      "font_class": "quanping1",
      "unicode": "eb11",
      "unicode_decimal": 60177
    },
    {
      "icon_id": "6207789",
      "name": "错",
      "font_class": "ziyuanldpi",
      "unicode": "e613",
      "unicode_decimal": 58899
    },
    {
      "icon_id": "7947748",
      "name": "错误空心",
      "font_class": "cuowukongxin",
      "unicode": "ed1a",
      "unicode_decimal": 60698
    },
    {
      "icon_id": "15889932",
      "name": "取消/错误",
      "font_class": "quxiao",
      "unicode": "e60e",
      "unicode_decimal": 58894
    },
    {
      "icon_id": "4860446",
      "name": "下移",
      "font_class": "shangyi",
      "unicode": "e65d",
      "unicode_decimal": 58973
    },
    {
      "icon_id": "4860479",
      "name": "上移",
      "font_class": "shangyi1",
      "unicode": "e65e",
      "unicode_decimal": 58974
    },
    {
      "icon_id": "6536710",
      "name": "上边",
      "font_class": "shangbian",
      "unicode": "e659",
      "unicode_decimal": 58969
    },
    {
      "icon_id": "6536719",
      "name": "下边",
      "font_class": "xiabian",
      "unicode": "e65c",
      "unicode_decimal": 58972
    },
    {
      "icon_id": "11383392",
      "name": "上移",
      "font_class": "shangyi2",
      "unicode": "e6be",
      "unicode_decimal": 59070
    },
    {
      "icon_id": "11383396",
      "name": "下移",
      "font_class": "xiayi",
      "unicode": "e6bf",
      "unicode_decimal": 59071
    },
    {
      "icon_id": "13001499",
      "name": "搜索",
      "font_class": "sousuo",
      "unicode": "e61a",
      "unicode_decimal": 58906
    }
  ]
}
