{
  "treeRoot": {
    "name": "treeRoot",
    "version": "1.0.2",
    "description": "A Tool for Analyzing Package Dependencies ",
    "dependencies": [
      "chalk",
      "child_process",
      "commander",
      "dependencytreecli",
      "express",
      "inquirer",
      "node-cache",
      "ora",
      "typescript"
    ],
    "devDependencies": ["@types/node"]
  },
  "chalk": {
    "name": "chalk",
    "version": "4.1.2",
    "description": "Terminal string styling done right",
    "dependencies": ["ansi-styles", "supports-color"],
    "devDependencies": [
      "ava",
      "coveralls",
      "execa",
      "import-fresh",
      "matcha",
      "nyc",
      "resolve-from",
      "tsd",
      "xo"
    ]
  },
  "child_process": {
    "name": "child_process",
    "version": "1.0.2",
    "description": "",
    "dependencies": [],
    "devDependencies": []
  },
  "commander": {
    "name": "commander",
    "version": "11.0.0",
    "description": "the complete solution for node.js command-line programs",
    "dependencies": [],
    "devDependencies": [
      "@types/jest",
      "@types/node",
      "@typescript-eslint/eslint-plugin",
      "@typescript-eslint/parser",
      "eslint",
      "eslint-config-standard",
      "eslint-config-standard-with-typescript",
      "eslint-plugin-import",
      "eslint-plugin-jest",
      "eslint-plugin-n",
      "eslint-plugin-promise",
      "jest",
      "ts-jest",
      "tsd",
      "typescript"
    ]
  },
  "dependencytreecli": {
    "name": "dependencytreecli",
    "version": "1.0.2",
    "description": "A Tool for Analyzing Package Dependencies ",
    "dependencies": [
      "chalk",
      "child_process",
      "commander",
      "express",
      "inquirer",
      "node-cache",
      "ora",
      "typescript"
    ],
    "devDependencies": ["@types/node"]
  },
  "express": {
    "name": "express",
    "version": "4.18.2",
    "description": "Fast, unopinionated, minimalist web framework",
    "dependencies": [
      "accepts",
      "array-flatten",
      "body-parser",
      "content-disposition",
      "content-type",
      "cookie",
      "cookie-signature",
      "debug",
      "depd",
      "encodeurl",
      "escape-html",
      "etag",
      "finalhandler",
      "fresh",
      "http-errors",
      "merge-descriptors",
      "methods",
      "on-finished",
      "parseurl",
      "path-to-regexp",
      "proxy-addr",
      "qs",
      "range-parser",
      "safe-buffer",
      "send",
      "serve-static",
      "setprototypeof",
      "statuses",
      "type-is",
      "utils-merge",
      "vary"
    ],
    "devDependencies": [
      "after",
      "connect-redis",
      "cookie-parser",
      "cookie-session",
      "ejs",
      "eslint",
      "express-session",
      "hbs",
      "marked",
      "method-override",
      "mocha",
      "morgan",
      "multiparty",
      "nyc",
      "pbkdf2-password",
      "supertest",
      "vhost"
    ]
  },
  "inquirer": {
    "name": "inquirer",
    "version": "8.0.0",
    "description": "A collection of common interactive command line user interfaces.",
    "dependencies": [
      "ansi-escapes",
      "chalk",
      "cli-cursor",
      "cli-width",
      "external-editor",
      "figures",
      "lodash",
      "mute-stream",
      "run-async",
      "rxjs",
      "string-width",
      "strip-ansi",
      "through"
    ],
    "devDependencies": [
      "chai",
      "chalk-pipe",
      "cmdify",
      "mocha",
      "mockery",
      "nyc",
      "sinon"
    ]
  },
  "node-cache": {
    "name": "node-cache",
    "version": "5.1.2",
    "description": "Simple and fast NodeJS internal caching. Node internal in memory cache like memcached.",
    "dependencies": ["clone"],
    "devDependencies": [
      "@types/node",
      "coffee-coverage",
      "coffee-script",
      "coveralls",
      "grunt",
      "grunt-banner",
      "grunt-cli",
      "grunt-contrib-clean",
      "grunt-contrib-coffee",
      "grunt-contrib-watch",
      "grunt-include-replace",
      "grunt-mocha-cli",
      "grunt-run",
      "mocha",
      "nyc",
      "should",
      "typescript"
    ]
  },
  "ora": {
    "name": "ora",
    "version": "5.4.1",
    "description": "Elegant terminal spinner",
    "dependencies": [
      "bl",
      "chalk",
      "cli-cursor",
      "cli-spinners",
      "is-interactive",
      "is-unicode-supported",
      "log-symbols",
      "strip-ansi",
      "wcwidth"
    ],
    "devDependencies": ["@types/node", "ava", "get-stream", "tsd", "xo"]
  },
  "typescript": {
    "name": "typescript",
    "version": "5.1.6",
    "description": "TypeScript is a language for application scale JavaScript development",
    "dependencies": [],
    "devDependencies": [
      "@esfx/canceltoken",
      "@octokit/rest",
      "@types/chai",
      "@types/fs-extra",
      "@types/glob",
      "@types/microsoft__typescript-etw",
      "@types/minimist",
      "@types/mocha",
      "@types/ms",
      "@types/node",
      "@types/source-map-support",
      "@types/which",
      "@typescript-eslint/eslint-plugin",
      "@typescript-eslint/parser",
      "@typescript-eslint/utils",
      "azure-devops-node-api",
      "chai",
      "chalk",
      "chokidar",
      "del",
      "diff",
      "esbuild",
      "eslint",
      "eslint-formatter-autolinkable-stylish",
      "eslint-plugin-import",
      "eslint-plugin-local",
      "eslint-plugin-no-null",
      "eslint-plugin-simple-import-sort",
      "fast-xml-parser",
      "fs-extra",
      "glob",
      "hereby",
      "jsonc-parser",
      "minimist",
      "mocha",
      "mocha-fivemat-progress-reporter",
      "ms",
      "node-fetch",
      "source-map-support",
      "tslib",
      "typescript",
      "which"
    ]
  },
  "@types/node": {
    "name": "@types/node",
    "version": "20.4.5",
    "description": "TypeScript definitions for Node.js",
    "dependencies": [],
    "devDependencies": []
  }
}
